,Feature,Coefficient
0,HS_Weight,5.381966080838597
1,Height,2.9306544096652423
2,Converted_Hand,2.944297083552808
3,Converted_Arm,3.7972716330700687
4,HS_Weight_x_QB,0.02639611460442385
5,HS_Weight_x_RB,1.5969687436175968
6,HS_Weight_x_WR,-4.890576108335208
7,HS_Weight_x_TE,3.6812474081326356
8,HS_Weight_x_LB,4.728903545656674
9,HS_Weight_x_DB,-6.145437355120603
10,HS_Weight_x_EDGE,6.1383380682294
11,Intercept,216.3179012345679
