,Metric,Value
0,R² Score,0.8325099107470969
1,RMSE,9.031506377368462
